source_url,target_url,status_code,preserve_query_string
https://blues.ru/data/artistview.aspx?aid=2,https://blues.ru/artist/luther-allison/,301,false
https://blues.ru/data/artistview.aspx?aid=3,https://blues.ru/artist/allman-brothers/,301,false
https://blues.ru/data/artistview.aspx?aid=4,https://blues.ru/artist/billy-boy-arnold/,301,false
https://blues.ru/data/artistview.aspx?aid=5,https://blues.ru/artist/chuck-berry/,301,false
https://blues.ru/data/artistview.aspx?aid=6,https://blues.ru/artist/elvin-bishop/,301,false
https://blues.ru/data/artistview.aspx?aid=7,https://blues.ru/artist/paul-black/,301,false
https://blues.ru/data/artistview.aspx?aid=8,https://blues.ru/artist/blind-boy-fuller/,301,false
https://blues.ru/data/artistview.aspx?aid=9,https://blues.ru/artist/blues-brothers/,301,false
https://blues.ru/data/artistview.aspx?aid=10,https://blues.ru/artist/roy-buchanan/,301,false
https://blues.ru/data/artistview.aspx?aid=11,https://blues.ru/artist/vidar-busk/,301,false
https://blues.ru/data/artistview.aspx?aid=12,https://blues.ru/artist/j-j-cale/,301,false
https://blues.ru/data/artistview.aspx?aid=13,https://blues.ru/artist/eric-clapton/,301,false
https://blues.ru/data/artistview.aspx?aid=14,https://blues.ru/artist/william-clarke/,301,false
https://blues.ru/data/artistview.aspx?aid=15,https://blues.ru/artist/albert-collins/,301,false
https://blues.ru/data/artistview.aspx?aid=16,https://blues.ru/artist/johnny-clyde-copeland/,301,false
https://blues.ru/data/artistview.aspx?aid=17,https://blues.ru/artist/ry-cooder/,301,false
https://blues.ru/data/artistview.aspx?aid=18,https://blues.ru/artist/shemekia-copeland/,301,false
https://blues.ru/data/artistview.aspx?aid=19,https://blues.ru/artist/robert-cray/,301,false
https://blues.ru/data/artistview.aspx?aid=20,https://blues.ru/artist/willie-dixon/,301,false
https://blues.ru/data/artistview.aspx?aid=21,https://blues.ru/artist/chris-duarte/,301,false
https://blues.ru/data/artistview.aspx?aid=23,https://blues.ru/artist/ronnie-earl/,301,false
https://blues.ru/data/artistview.aspx?aid=24,https://blues.ru/artist/tinsley-ellis/,301,false
https://blues.ru/data/artistview.aspx?aid=25,https://blues.ru/artist/lowell-fulson/,301,false
https://blues.ru/data/artistview.aspx?aid=26,https://blues.ru/artist/buddy-guy/,301,false
https://blues.ru/data/artistview.aspx?aid=27,https://blues.ru/artist/corey-harris/,301,false
https://blues.ru/data/artistview.aspx?aid=28,https://blues.ru/artist/jimi-hendrix/,301,false
https://blues.ru/data/artistview.aspx?aid=29,https://blues.ru/artist/michael-hill/,301,false
https://blues.ru/data/artistview.aspx?aid=30,https://blues.ru/artist/dave-hole/,301,false
https://blues.ru/data/artistview.aspx?aid=32,https://blues.ru/artist/john-lee-hooker/,301,false
https://blues.ru/data/artistview.aspx?aid=33,https://blues.ru/artist/lightnin-hopkins/,301,false
https://blues.ru/data/artistview.aspx?aid=35,https://blues.ru/artist/howlin-wolf/,301,false
https://blues.ru/data/artistview.aspx?aid=36,https://blues.ru/artist/elmore-james/,301,false
https://blues.ru/data/artistview.aspx?aid=37,https://blues.ru/artist/blind-lemon-jefferson/,301,false
https://blues.ru/data/artistview.aspx?aid=38,https://blues.ru/artist/robert-johnson/,301,false
https://blues.ru/data/artistview.aspx?aid=39,https://blues.ru/artist/albert-king/,301,false
https://blues.ru/data/artistview.aspx?aid=40,https://blues.ru/artist/bb-king/,301,false
https://blues.ru/data/artistview.aspx?aid=41,https://blues.ru/artist/freddie-king/,301,false
https://blues.ru/data/artistview.aspx?aid=42,https://blues.ru/artist/alexis-korner/,301,false
https://blues.ru/data/artistview.aspx?aid=43,https://blues.ru/artist/johnny-lang/,301,false
https://blues.ru/data/artistview.aspx?aid=45,https://blues.ru/artist/long-john-hunter/,301,false
https://blues.ru/data/artistview.aspx?aid=46,https://blues.ru/artist/doug-macleod/,301,false
https://blues.ru/data/artistview.aspx?aid=47,https://blues.ru/artist/john-mayall/,301,false
https://blues.ru/data/artistview.aspx?aid=48,https://blues.ru/artist/brownie-mcghee/,301,false
https://blues.ru/data/artistview.aspx?aid=49,https://blues.ru/artist/keb-mo/,301,false
https://blues.ru/data/artistview.aspx?aid=50,https://blues.ru/artist/coco-montoya/,301,false
https://blues.ru/data/artistview.aspx?aid=51,https://blues.ru/artist/gary-moore/,301,false
https://blues.ru/data/artistview.aspx?aid=52,https://blues.ru/artist/kenny-neal/,301,false
https://blues.ru/data/artistview.aspx?aid=53,https://blues.ru/artist/pinetop-perkins/,301,false
https://blues.ru/data/artistview.aspx?aid=54,https://blues.ru/artist/lonnie-pitchford/,301,false
https://blues.ru/data/artistview.aspx?aid=55,https://blues.ru/artist/lucky-peterson/,301,false
https://blues.ru/data/artistview.aspx?aid=57,https://blues.ru/artist/jimmy-reed/,301,false
https://blues.ru/data/artistview.aspx?aid=58,https://blues.ru/artist/jimmy-rogers/,301,false
https://blues.ru/data/artistview.aspx?aid=59,https://blues.ru/artist/otis-rush/,301,false
https://blues.ru/data/artistview.aspx?aid=60,https://blues.ru/artist/son-seals/,301,false
https://blues.ru/data/artistview.aspx?aid=61,https://blues.ru/artist/kenny-wayne-shepherd/,301,false
https://blues.ru/data/artistview.aspx?aid=62,https://blues.ru/artist/hubert-sumlin/,301,false
https://blues.ru/data/artistview.aspx?aid=63,https://blues.ru/artist/koko-taylor/,301,false
https://blues.ru/data/artistview.aspx?aid=64,https://blues.ru/artist/taj-mahal/,301,false
https://blues.ru/data/artistview.aspx?aid=65,https://blues.ru/artist/t-bone-walker/,301,false
https://blues.ru/data/artistview.aspx?aid=66,https://blues.ru/artist/jimmie-vaughan/,301,false
https://blues.ru/data/artistview.aspx?aid=67,https://blues.ru/artist/stevie-ray-vaughan/,301,false
https://blues.ru/data/artistview.aspx?aid=68,https://blues.ru/artist/little-walter/,301,false
https://blues.ru/data/artistview.aspx?aid=69,https://blues.ru/artist/muddy-waters/,301,false
https://blues.ru/data/artistview.aspx?aid=70,https://blues.ru/artist/junior-wells/,301,false
https://blues.ru/data/artistview.aspx?aid=71,https://blues.ru/artist/joe-williams/,301,false
https://blues.ru/data/artistview.aspx?aid=72,https://blues.ru/artist/sonny-boy-williamson/,301,false
https://blues.ru/data/artistview.aspx?aid=73,https://blues.ru/artist/johnny-winter/,301,false
https://blues.ru/data/artistview.aspx?aid=74,https://blues.ru/artist/jimmy-witherspoon/,301,false
https://blues.ru/data/artistview.aspx?aid=75,https://blues.ru/artist/mighty-joe-young/,301,false
https://blues.ru/data/artistview.aspx?aid=76,https://blues.ru/artist/mike-bloomfield/,301,false
https://blues.ru/data/artistview.aspx?aid=77,https://blues.ru/artist/lonnie-brooks/,301,false
https://blues.ru/data/artistview.aspx?aid=78,https://blues.ru/artist/big-bill-broonzy/,301,false
https://blues.ru/data/artistview.aspx?aid=79,https://blues.ru/artist/clarence-gatemouth-brown/,301,false
https://blues.ru/data/artistview.aspx?aid=80,https://blues.ru/artist/ruth-brown/,301,false
https://blues.ru/data/artistview.aspx?aid=81,https://blues.ru/artist/rl-burnside/,301,false
https://blues.ru/data/artistview.aspx?aid=82,https://blues.ru/artist/paul-butterfield/,301,false
https://blues.ru/data/artistview.aspx?aid=83,https://blues.ru/artist/john-campbell/,301,false
https://blues.ru/data/artistview.aspx?aid=84,https://blues.ru/artist/canned-heat/,301,false
https://blues.ru/data/artistview.aspx?aid=85,https://blues.ru/artist/tommy-castro/,301,false
https://blues.ru/data/artistview.aspx?aid=86,https://blues.ru/artist/jennie-jimmy-cheatham/,301,false
https://blues.ru/data/artistview.aspx?aid=87,https://blues.ru/artist/clifton-chenier/,301,false
https://blues.ru/data/artistview.aspx?aid=88,https://blues.ru/artist/james-cotton/,301,false
https://blues.ru/data/artistview.aspx?aid=90,https://blues.ru/artist/arthur-crudup/,301,false
https://blues.ru/data/artistview.aspx?aid=92,https://blues.ru/artist/rory-gallagher/,301,false
https://blues.ru/data/artistview.aspx?aid=93,https://blues.ru/artist/harmonica-fats/,301,false
https://blues.ru/data/artistview.aspx?aid=94,https://blues.ru/artist/clarence-hollimon/,301,false
https://blues.ru/data/artistview.aspx?aid=95,https://blues.ru/artist/michael-cub-koda/,301,false
https://blues.ru/data/artistview.aspx?aid=96,https://blues.ru/artist/lil-ed-williams/,301,false
https://blues.ru/data/artistview.aspx?aid=97,https://blues.ru/artist/louisiana-red/,301,false
https://blues.ru/data/artistview.aspx?aid=98,https://blues.ru/artist/charlie-musselwhite/,301,false
https://blues.ru/data/artistview.aspx?aid=99,https://blues.ru/artist/pops-staples/,301,false
https://blues.ru/data/artistview.aspx?aid=100,https://blues.ru/artist/johnnie-taylor/,301,false
https://blues.ru/data/artistview.aspx?aid=102,https://blues.ru/artist/johnny-big-moose-walker/,301,false
https://blues.ru/data/artistview.aspx?aid=103,https://blues.ru/artist/chess-records/,301,false
https://blues.ru/data/artistview.aspx?aid=104,https://blues.ru/artist/alligator-records/,301,false
https://blues.ru/data/artistview.aspx?aid=109,https://blues.ru/artist/little-charlie/,301,false
https://blues.ru/data/artistview.aspx?aid=110,https://blues.ru/artist/roomful-of-blues/,301,false
https://blues.ru/data/artistview.aspx?aid=111,https://blues.ru/artist/george-thorogood/,301,false
https://blues.ru/data/artistview.aspx?aid=112,https://blues.ru/artist/rick-holmstrom/,301,false
https://blues.ru/data/artistview.aspx?aid=116,https://blues.ru/artist/amund-maarud/,301,false
https://blues.ru/data/artistview.aspx?aid=117,https://blues.ru/artist/wc-handy/,301,false
https://blues.ru/data/artistview.aspx?aid=118,https://blues.ru/artist/carlos-del-junco/,301,false
https://blues.ru/data/artistview.aspx?aid=119,https://blues.ru/artist/champion-jack-dupree/,301,false
https://blues.ru/data/artistview.aspx?aid=120,https://blues.ru/artist/screamin-jay-hawkins/,301,false
https://blues.ru/data/artistview.aspx?aid=121,https://blues.ru/artist/dave-specter/,301,false
https://blues.ru/data/artistview.aspx?aid=122,https://blues.ru/artist/noel-redding/,301,false
https://blues.ru/data/artistview.aspx?aid=123,https://blues.ru/artist/junior-watson/,301,false
https://blues.ru/data/artistview.aspx?aid=124,https://blues.ru/artist/kid-ramos/,301,false
https://blues.ru/data/artistview.aspx?aid=125,https://blues.ru/artist/knockout-greg/,301,false
https://blues.ru/data/artistview.aspx?aid=126,https://blues.ru/artist/rod-piazza/,301,false
https://blues.ru/data/artistview.aspx?aid=127,https://blues.ru/artist/paul-lamb/,301,false
https://blues.ru/data/artistview.aspx?aid=128,https://blues.ru/artist/duke-robillard/,301,false
https://blues.ru/data/artistview.aspx?aid=129,https://blues.ru/artist/kim-wilson/,301,false
https://blues.ru/data/artistview.aspx?aid=130,https://blues.ru/artist/jimmy-d-lane/,301,false
https://blues.ru/data/artistview.aspx?aid=131,https://blues.ru/artist/bb-the-blues-shacks/,301,false
https://blues.ru/data/artistview.aspx?aid=132,https://blues.ru/artist/alex-schultz/,301,false
https://blues.ru/data/artistview.aspx?aid=133,https://blues.ru/artist/wc-clark/,301,false
https://blues.ru/data/artistview.aspx?aid=134,https://blues.ru/artist/peter-green/,301,false
https://blues.ru/data/artistview.aspx?aid=135,https://blues.ru/artist/deborah-coleman/,301,false
https://blues.ru/data/artistview.aspx?aid=136,https://blues.ru/artist/mighty-sam-mcclain/,301,false
https://blues.ru/data/artistview.aspx?aid=137,https://blues.ru/artist/gary-primich/,301,false
https://blues.ru/data/artistview.aspx?aid=139,https://blues.ru/artist/john-hammond/,301,false
https://blues.ru/data/artistview.aspx?aid=140,https://blues.ru/artist/dr-john/,301,false
https://blues.ru/data/artistview.aspx?aid=141,https://blues.ru/artist/eirik-bergene/,301,false
https://blues.ru/data/artistview.aspx?aid=142,https://blues.ru/artist/terry-evans/,301,false
https://blues.ru/data/artistview.aspx?aid=143,https://blues.ru/artist/kid-andersen/,301,false
https://blues.ru/data/artistview.aspx?aid=145,https://blues.ru/artist/blues-leaf/,301,false
https://blues.ru/data/artistview.aspx?aid=146,https://blues.ru/artist/james-harman/,301,false
https://blues.ru/data/artistview.aspx?aid=147,https://blues.ru/artist/billy-branch/,301,false
https://blues.ru/data/artistview.aspx?aid=148,https://blues.ru/artist/johnny-dyer/,301,false
https://blues.ru/data/artistview.aspx?aid=149,https://blues.ru/artist/raful-neal/,301,false
https://blues.ru/data/artistview.aspx?aid=150,https://blues.ru/artist/sam-myers/,301,false
https://blues.ru/data/artistview.aspx?aid=151,https://blues.ru/artist/snooky-pryor/,301,false
https://blues.ru/data/artistview.aspx?aid=152,https://blues.ru/artist/sonny-terry/,301,false
https://blues.ru/data/artistview.aspx?aid=153,https://blues.ru/artist/sugar-ray-norcia/,301,false
https://blues.ru/data/artistview.aspx?aid=155,https://blues.ru/artist/blues-harp-melt-down/,301,false
https://blues.ru/data/artistview.aspx?aid=156,https://blues.ru/artist/govt-mule/,301,false
https://blues.ru/data/artistview.aspx?aid=157,https://blues.ru/artist/jesse-colin-young/,301,false
https://blues.ru/data/artistview.aspx?aid=158,https://blues.ru/artist/eric-bibb/,301,false
https://blues.ru/data/artistview.aspx?aid=159,https://blues.ru/artist/mississippi-fred-mcdowell/,301,false
https://blues.ru/data/artistview.aspx?aid=160,https://blues.ru/artist/snooks-eaglin/,301,false
https://blues.ru/data/artistview.aspx?aid=161,https://blues.ru/artist/ron-levy/,301,false
https://blues.ru/data/artistview.aspx?aid=162,https://blues.ru/artist/eddie-boyd/,301,false
https://blues.ru/data/artistview.aspx?aid=163,https://blues.ru/artist/siegel-schwall-band/,301,false
https://blues.ru/data/artistview.aspx?aid=164,https://blues.ru/artist/buckwheat-zydeco/,301,false
https://blues.ru/data/artistview.aspx?aid=165,https://blues.ru/artist/electric-flag/,301,false
https://blues.ru/data/artistview.aspx?aid=166,https://blues.ru/artist/little-milton/,301,false
https://blues.ru/data/artistview.aspx?aid=167,https://blues.ru/artist/eddy-the-chief-clearwater/,301,false
https://blues.ru/data/artistview.aspx?aid=168,https://blues.ru/artist/shuggie-otis/,301,false
https://blues.ru/data/artistview.aspx?aid=169,https://blues.ru/artist/willie-murphy/,301,false
https://blues.ru/data/artistview.aspx?aid=171,https://blues.ru/artist/sonny-terry-brownie-mcghee/,301,false
https://blues.ru/data/artistview.aspx?aid=172,https://blues.ru/artist/bukka-white/,301,false
https://blues.ru/data/artistview.aspx?aid=173,https://blues.ru/artist/luther-guitar-junior-johnson/,301,false
https://blues.ru/data/artistview.aspx?aid=174,https://blues.ru/artist/rory-block/,301,false
https://blues.ru/data/artistview.aspx?aid=175,https://blues.ru/artist/johnny-guitar-watson/,301,false
https://blues.ru/data/artistview.aspx?aid=176,https://blues.ru/artist/corky-siegel/,301,false
https://blues.ru/data/artistview.aspx?aid=177,https://blues.ru/artist/etta-james/,301,false
https://blues.ru/data/artistview.aspx?aid=178,https://blues.ru/artist/leo-kottke/,301,false
https://blues.ru/data/artistview.aspx?aid=180,https://blues.ru/artist/long-john-baldry/,301,false
https://blues.ru/data/artistview.aspx?aid=181,https://blues.ru/artist/little-sonny/,301,false
https://blues.ru/data/artistview.aspx?aid=182,https://blues.ru/artist/doc-boggs/,301,false
https://blues.ru/data/artistview.aspx?aid=183,https://blues.ru/artist/paul-geremia/,301,false
https://blues.ru/data/artistview.aspx?aid=184,https://blues.ru/artist/morris-francis/,301,false
https://blues.ru/data/artistview.aspx?aid=185,https://blues.ru/artist/steve-young/,301,false
https://blues.ru/data/artistview.aspx?aid=186,https://blues.ru/artist/junior-parker/,301,false
https://blues.ru/data/artistview.aspx?aid=187,https://blues.ru/artist/don-lange/,301,false
https://blues.ru/data/artistview.aspx?aid=188,https://blues.ru/artist/jerry-douglas/,301,false
https://blues.ru/data/artistview.aspx?aid=189,https://blues.ru/artist/johnny-otis/,301,false
https://blues.ru/data/artistview.aspx?aid=190,https://blues.ru/artist/doc-watson/,301,false
https://blues.ru/data/artistview.aspx?aid=191,https://blues.ru/artist/catfish-hodge/,301,false
https://blues.ru/data/artistview.aspx?aid=192,https://blues.ru/artist/ike-turner/,301,false
https://blues.ru/data/artistview.aspx?aid=193,https://blues.ru/artist/earl-hooker/,301,false
https://blues.ru/data/artistview.aspx?aid=194,https://blues.ru/artist/otis-taylor/,301,false
https://blues.ru/data/artistview.aspx?aid=195,https://blues.ru/artist/delbert-mcclinton/,301,false
https://blues.ru/data/artistview.aspx?aid=196,https://blues.ru/artist/sonny-landreth/,301,false
https://blues.ru/data/artistview.aspx?aid=197,https://blues.ru/artist/woody-guthrie/,301,false
https://blues.ru/data/artistview.aspx?aid=198,https://blues.ru/artist/david-bromberg/,301,false
https://blues.ru/data/artistview.aspx?aid=199,https://blues.ru/artist/legendary-blues-band/,301,false
https://blues.ru/data/artistview.aspx?aid=200,https://blues.ru/artist/dutch-mason/,301,false
https://blues.ru/data/artistview.aspx?aid=201,https://blues.ru/artist/mavis-staples/,301,false
https://blues.ru/data/artistview.aspx?aid=202,https://blues.ru/artist/little-johnny-taylor/,301,false
https://blues.ru/data/artistview.aspx?aid=203,https://blues.ru/artist/arsen-shomakhov/,301,false
https://blues.ru/data/artistview.aspx?aid=204,https://blues.ru/artist/wilson-pickett/,301,false
https://blues.ru/data/artistview.aspx?aid=205,https://blues.ru/artist/walter-wolfman-washington/,301,false
https://blues.ru/data/artistview.aspx?aid=206,https://blues.ru/artist/eric-burdon/,301,false
https://blues.ru/data/artistview.aspx?aid=207,https://blues.ru/artist/paul-rishell/,301,false
https://blues.ru/data/artistview.aspx?aid=208,https://blues.ru/artist/harry-manx/,301,false
https://blues.ru/data/artistview.aspx?aid=209,https://blues.ru/artist/jan-akkerman/,301,false
https://blues.ru/data/artistview.aspx?aid=210,https://blues.ru/artist/lurrie-bell/,301,false
https://blues.ru/data/artistview.aspx?aid=211,https://blues.ru/artist/powder-blues/,301,false
https://blues.ru/data/artistview.aspx?aid=212,https://blues.ru/artist/a-c-reed/,301,false
https://blues.ru/data/artistview.aspx?aid=213,https://blues.ru/artist/maurice-john-vaughn/,301,false
https://blues.ru/data/artistview.aspx?aid=214,https://blues.ru/artist/big-joe-williams/,301,false
https://blues.ru/data/artistview.aspx?aid=215,https://blues.ru/artist/cub-coda/,301,false
https://blues.ru/data/artistview.aspx?aid=216,https://blues.ru/artist/jay-mcshann/,301,false
https://blues.ru/data/artistview.aspx?aid=217,https://blues.ru/artist/tramp/,301,false
https://blues.ru/data/artistview.aspx?aid=218,https://blues.ru/artist/jean-jacques-milteau/,301,false
https://blues.ru/data/artistview.aspx?aid=219,https://blues.ru/artist/blind-boys-of-alabama/,301,false
https://blues.ru/data/artistview.aspx?aid=220,https://blues.ru/artist/cephas-wiggins/,301,false
https://blues.ru/data/artistview.aspx?aid=221,https://blues.ru/artist/eric-sardinas/,301,false
https://blues.ru/data/artistview.aspx?aid=222,https://blues.ru/artist/guy-davis/,301,false
https://blues.ru/data/artistview.aspx?aid=223,https://blues.ru/artist/hans-theessink/,301,false
https://blues.ru/data/artistview.aspx?aid=224,https://blues.ru/artist/little-feat/,301,false
https://blues.ru/data/artistview.aspx?aid=225,https://blues.ru/artist/memphis-slim/,301,false
https://blues.ru/data/artistview.aspx?aid=226,https://blues.ru/artist/ray-charles/,301,false
https://blues.ru/data/artistview.aspx?aid=227,https://blues.ru/artist/reverend-gary-davis/,301,false
https://blues.ru/data/artistview.aspx?aid=229,https://blues.ru/artist/derek-trucks-band/,301,false
https://blues.ru/data/artistview.aspx?aid=230,https://blues.ru/artist/lonnie-mack/,301,false
https://blues.ru/data/artistview.aspx?aid=231,https://blues.ru/artist/z-z-hill/,301,false
https://blues.ru/data/artistview.aspx?aid=232,https://blues.ru/artist/john-mooney/,301,false
https://blues.ru/data/artistview.aspx?aid=235,https://blues.ru/artist/john-dummer/,301,false
https://blues.ru/data/artistview.aspx?aid=236,https://blues.ru/artist/shakey-jake/,301,false
https://blues.ru/data/artistview.aspx?aid=237,https://blues.ru/artist/norwegian-blues-explosion/,301,false
https://blues.ru/data/artistview.aspx?aid=238,https://blues.ru/artist/josh-white/,301,false
https://blues.ru/data/artistview.aspx?aid=239,https://blues.ru/artist/bessie-smith/,301,false
https://blues.ru/data/artistview.aspx?aid=240,https://blues.ru/artist/johnny-young/,301,false
https://blues.ru/data/artistview.aspx?aid=241,https://blues.ru/artist/skip-james/,301,false
https://blues.ru/data/artistview.aspx?aid=242,https://blues.ru/artist/pera-joe/,301,false
https://blues.ru/data/artistview.aspx?aid=243,https://blues.ru/artist/hollywood-blue-flames/,301,false
https://blues.ru/data/artistview.aspx?aid=244,https://blues.ru/artist/robben-ford/,301,false
https://blues.ru/data/artistview.aspx?aid=245,https://blues.ru/artist/chris-rea/,301,false
https://blues.ru/data/artistview.aspx?aid=246,https://blues.ru/artist/fleetwood-mac/,301,false
https://blues.ru/data/artistview.aspx?aid=247,https://blues.ru/artist/ten-years-after/,301,false
https://blues.ru/data/artistview.aspx?aid=248,https://blues.ru/artist/chicken-shack/,301,false
https://blues.ru/data/artistview.aspx?aid=249,https://blues.ru/artist/candye-kane/,301,false
https://blues.ru/data/artistview.aspx?aid=250,https://blues.ru/artist/bob-brozman/,301,false
https://blues.ru/data/artistview.aspx?aid=251,https://blues.ru/artist/little-arthur-duncan/,301,false
https://blues.ru/data/artistview.aspx?aid=252,https://blues.ru/artist/nick-moss/,301,false
https://blues.ru/data/artistview.aspx?aid=253,https://blues.ru/artist/nappy-brown/,301,false
https://blues.ru/data/artistview.aspx?aid=254,https://blues.ru/artist/darrell-nulisch/,301,false
https://blues.ru/data/artistview.aspx?aid=255,https://blues.ru/artist/avery-parish/,301,false
https://blues.ru/data/artistview.aspx?aid=256,https://blues.ru/artist/michael-burks/,301,false
https://blues.ru/data/artistview.aspx?aid=257,https://blues.ru/artist/holmes-brothers/,301,false
https://blues.ru/data/artistview.aspx?aid=258,https://blues.ru/artist/jon-lord/,301,false
https://blues.ru/data/artistview.aspx?aid=259,https://blues.ru/artist/jeff-healey/,301,false
https://blues.ru/data/artistview.aspx?aid=260,https://blues.ru/artist/big-shoulders/,301,false
https://blues.ru/data/artistview.aspx?aid=261,https://blues.ru/artist/burke-solomon/,301,false
https://blues.ru/data/artistview.aspx?aid=262,https://blues.ru/artist/joan-armatrading/,301,false
https://blues.ru/data/artistview.aspx?aid=263,https://blues.ru/artist/elmore-james-jr/,301,false
https://blues.ru/data/artistview.aspx?aid=264,https://blues.ru/artist/james-blood-ulmer/,301,false
https://blues.ru/data/artistview.aspx?aid=265,https://blues.ru/artist/john-hiatt/,301,false
https://blues.ru/data/artistview.aspx?aid=266,https://blues.ru/artist/mick-hucknall/,301,false
https://blues.ru/data/artistview.aspx?aid=267,https://blues.ru/artist/hans-theessink-2/,301,false
https://blues.ru/data/artistview.aspx?aid=268,https://blues.ru/artist/bobby-blue-bland/,301,false
https://blues.ru/data/artistview.aspx?aid=269,https://blues.ru/artist/willie-big-eyes-smith/,301,false
https://blues.ru/data/artistview.aspx?aid=270,https://blues.ru/artist/bobby-rush/,301,false
https://blues.ru/data/artistview.aspx?aid=271,https://blues.ru/artist/bernard-allison/,301,false
https://blues.ru/data/artistview.aspx?aid=272,https://blues.ru/artist/marcia-ball/,301,false
https://blues.ru/data/artistview.aspx?aid=273,https://blues.ru/artist/tab-benoit/,301,false
https://blues.ru/data/artistview.aspx?aid=274,https://blues.ru/artist/chicago-blues-reunion/,301,false
https://blues.ru/data/artistview.aspx?aid=275,https://blues.ru/artist/sunnyland-slim/,301,false
https://blues.ru/data/artistview.aspx?aid=276,https://blues.ru/artist/johnny-shines/,301,false
https://blues.ru/data/artistview.aspx?aid=277,https://blues.ru/artist/curtis-jones/,301,false
https://blues.ru/data/artistview.aspx?aid=278,https://blues.ru/artist/otis-spann/,301,false
https://blues.ru/data/artistview.aspx?aid=279,https://blues.ru/artist/christine-perfect/,301,false
https://blues.ru/data/artistview.aspx?aid=280,https://blues.ru/artist/geoffrey-mcbride/,301,false
https://blues.ru/data/artistview.aspx?aid=281,https://blues.ru/artist/studebaker-john/,301,false
https://blues.ru/data/artistview.aspx?aid=282,https://blues.ru/artist/boo-boo-davis/,301,false
https://blues.ru/data/artistview.aspx?aid=283,https://blues.ru/artist/maria-muldaur/,301,false
https://blues.ru/data/artistview.aspx?aid=284,https://blues.ru/artist/jerry-lee-lewis/,301,false
https://blues.ru/data/artistview.aspx?aid=287,https://blues.ru/artist/alvin-youngblood-hart/,301,false
https://blues.ru/data/artistview.aspx?aid=288,https://blues.ru/artist/eric-gales/,301,false
https://blues.ru/data/artistview.aspx?aid=289,https://blues.ru/artist/c-j-chenier/,301,false
https://blues.ru/data/artistview.aspx?aid=290,https://blues.ru/artist/omar-the-howlers/,301,false
https://blues.ru/data/artistview.aspx?aid=291,https://blues.ru/artist/mighty-mo-rodgers/,301,false
https://blues.ru/data/artistview.aspx?aid=292,https://blues.ru/artist/saffire-the-uppity-blues-women/,301,false
https://blues.ru/data/artistview.aspx?aid=293,https://blues.ru/artist/jimmy-thackery/,301,false
https://blues.ru/data/artistview.aspx?aid=294,https://blues.ru/artist/ali-farka-toure/,301,false
https://blues.ru/data/artistview.aspx?aid=295,https://blues.ru/artist/paul-delay/,301,false
https://blues.ru/data/artistview.aspx?aid=296,https://blues.ru/artist/watermelon-slim/,301,false
https://blues.ru/data/artistview.aspx?aid=297,https://blues.ru/artist/gordon-smith/,301,false
https://blues.ru/data/artistview.aspx?aid=298,https://blues.ru/artist/top-topham/,301,false
https://blues.ru/data/artistview.aspx?aid=299,https://blues.ru/artist/furry-lewis/,301,false
https://blues.ru/data/artistview.aspx?aid=300,https://blues.ru/artist/duster-bennett/,301,false
https://blues.ru/data/artistview.aspx?aid=301,https://blues.ru/artist/key-largo/,301,false
https://blues.ru/data/artistview.aspx?aid=304,https://blues.ru/artist/enrico-crivellaro/,301,false
https://blues.ru/data/artistview.aspx?aid=305,https://blues.ru/artist/jo-ann-kelly/,301,false
https://blues.ru/data/artistview.aspx?aid=306,https://blues.ru/artist/dave-kelly/,301,false
https://blues.ru/data/artistview.aspx?aid=307,https://blues.ru/artist/tad-robinson/,301,false
https://blues.ru/data/artistview.aspx?aid=308,https://blues.ru/artist/j-b-hutto/,301,false
https://blues.ru/data/artistview.aspx?aid=309,https://blues.ru/artist/floyd-jones/,301,false
https://blues.ru/data/artistview.aspx?aid=310,https://blues.ru/artist/robert-nighthawk/,301,false
https://blues.ru/data/artistview.aspx?aid=312,https://blues.ru/artist/ruthie-foster/,301,false
https://blues.ru/data/artistview.aspx?aid=313,https://blues.ru/artist/hiram-bullock/,301,false
https://blues.ru/data/artistview.aspx?aid=316,https://blues.ru/artist/joe-bonamassa/,301,false
https://blues.ru/data/artistview.aspx?aid=317,https://blues.ru/artist/steve-baker/,301,false
https://blues.ru/data/artistview.aspx?aid=319,https://blues.ru/artist/mud-morganfield/,301,false
https://blues.ru/data/artistview.aspx?aid=320,https://blues.ru/artist/joanne-shaw-taylor/,301,false
https://blues.ru/data/artistview.aspx?aid=321,https://blues.ru/artist/rick-estrin/,301,false
https://blues.ru/data/artistview.aspx?aid=322,https://blues.ru/artist/sonny-rhodes/,301,false
https://blues.ru/data/artistview.aspx?aid=323,https://blues.ru/artist/big-walter-horton/,301,false
https://blues.ru/data/artistview.aspx?aid=324,https://blues.ru/artist/bo-diddley/,301,false
https://blues.ru/data/artistview.aspx?aid=326,https://blues.ru/artist/mark-hummel/,301,false
https://blues.ru/data/artistview.aspx?aid=327,https://blues.ru/artist/zora-young/,301,false
https://blues.ru/data/artistview.aspx?aid=328,https://blues.ru/artist/lazy-lester/,301,false
https://blues.ru/data/artistview.aspx?aid=329,https://blues.ru/artist/big-bill-morganfield/,301,false
https://blues.ru/data/artistview.aspx?aid=331,https://blues.ru/artist/joan-shaw-taylor/,301,false
https://blues.ru/data/artistview.aspx?aid=334,https://blues.ru/artist/dead-guy-blues/,301,false
https://blues.ru/data/artistview.aspx?aid=336,https://blues.ru/artist/davy-graham/,301,false
https://blues.ru/data/artistview.aspx?aid=337,https://blues.ru/artist/billy-t-band/,301,false
https://blues.ru/data/artistview.aspx?aid=338,https://blues.ru/artist/mannish-boys/,301,false
https://blues.ru/data/artistview.aspx?aid=340,https://blues.ru/artist/joe-louis-walker/,301,false
https://blues.ru/data/artistview.aspx?aid=341,https://blues.ru/artist/cash-box-kings/,301,false
https://blues.ru/data/artistview.aspx?aid=342,https://blues.ru/artist/jimmy-dawkins/,301,false
https://blues.ru/data/artistview.aspx?aid=343,https://blues.ru/artist/john-primer/,301,false
https://blues.ru/data/artistview.aspx?aid=344,https://blues.ru/artist/tail-dragger/,301,false
https://blues.ru/data/artistview.aspx?aid=345,https://blues.ru/artist/the-rolling-stones/,301,false
https://blues.ru/data/artistview.aspx?aid=346,https://blues.ru/artist/los-lobos/,301,false
https://blues.ru/data/artistview.aspx?aid=347,https://blues.ru/artist/zz-top/,301,false
https://blues.ru/data/artistview.aspx?aid=349,https://blues.ru/artist/carolina-chocolate-drops/,301,false
https://blues.ru/data/artistview.aspx?aid=350,https://blues.ru/artist/nick-curran/,301,false
https://blues.ru/data/artistview.aspx?aid=351,https://blues.ru/artist/jw-jones/,301,false
https://blues.ru/data/artistview.aspx?aid=352,https://blues.ru/artist/big-jack-johnson/,301,false
https://blues.ru/data/artistview.aspx?aid=353,https://blues.ru/artist/eddie-kirkland/,301,false
https://blues.ru/data/artistview.aspx?aid=354,https://blues.ru/artist/warren-haynes/,301,false
https://blues.ru/data/artistview.aspx?aid=355,https://blues.ru/artist/dana-gillespie/,301,false
https://blues.ru/data/artistview.aspx?aid=356,https://blues.ru/artist/stone-the-crows/,301,false
https://blues.ru/data/artistview.aspx?aid=357,https://blues.ru/artist/maggie-bell/,301,false
https://blues.ru/data/artistview.aspx?aid=359,https://blues.ru/artist/walter-trout/,301,false
https://blues.ru/data/artistview.aspx?aid=360,https://blues.ru/artist/nighthawks/,301,false
https://blues.ru/data/artistview.aspx?aid=361,https://blues.ru/artist/joe-beard/,301,false
https://blues.ru/data/artistview.aspx?aid=362,https://blues.ru/artist/blues-company/,301,false
https://blues.ru/data/artistview.aspx?aid=363,https://blues.ru/artist/sean-costello/,301,false
https://blues.ru/data/artistview.aspx?aid=364,https://blues.ru/artist/bruce-katz/,301,false
https://blues.ru/data/artistview.aspx?aid=365,https://blues.ru/artist/walter-horton/,301,false
https://blues.ru/data/artistview.aspx?aid=366,https://blues.ru/artist/neal-black/,301,false
https://blues.ru/data/artistview.aspx?aid=367,https://blues.ru/artist/earl-king/,301,false
https://blues.ru/data/artistview.aspx?aid=368,https://blues.ru/artist/greg-piccolo/,301,false
https://blues.ru/data/artistview.aspx?aid=369,https://blues.ru/artist/beat-daddys/,301,false
https://blues.ru/data/artistview.aspx?aid=370,https://blues.ru/artist/sue-foley/,301,false
https://blues.ru/data/artistview.aspx?aid=371,https://blues.ru/artist/melvin-taylor/,301,false
https://blues.ru/data/artistview.aspx?aid=372,https://blues.ru/artist/delta-moon/,301,false
https://blues.ru/data/artistview.aspx?aid=373,https://blues.ru/artist/janiva-magness/,301,false
https://blues.ru/data/artistview.aspx?aid=374,https://blues.ru/artist/kelly-richey-band/,301,false
https://blues.ru/data/artistview.aspx?aid=375,https://blues.ru/artist/vargas-blues-band/,301,false
https://blues.ru/data/artistview.aspx?aid=376,https://blues.ru/artist/bob-margolin/,301,false
https://blues.ru/data/artistview.aspx?aid=377,https://blues.ru/artist/smokin-joe-kubek/,301,false
https://blues.ru/data/artistview.aspx?aid=378,https://blues.ru/artist/debbie-davies/,301,false
https://blues.ru/data/artistview.aspx?aid=379,https://blues.ru/artist/van-wilks/,301,false
https://blues.ru/data/artistview.aspx?aid=380,https://blues.ru/artist/michael-messer/,301,false
https://blues.ru/data/artistview.aspx?aid=381,https://blues.ru/artist/chris-cain/,301,false
https://blues.ru/data/artistview.aspx?aid=382,https://blues.ru/artist/joe-cocker/,301,false
https://blues.ru/data/artistview.aspx?aid=383,https://blues.ru/artist/magic-slim/,301,false
https://blues.ru/data/artistview.aspx?aid=384,https://blues.ru/artist/innes-sibun/,301,false
https://blues.ru/data/artistview.aspx?aid=385,https://blues.ru/artist/the-fabulous-thunderbirds/,301,false
https://blues.ru/data/artistview.aspx?aid=386,https://blues.ru/artist/ford-blues-band/,301,false
https://blues.ru/data/artistview.aspx?aid=387,https://blues.ru/artist/mike-onesko/,301,false
https://blues.ru/data/artistview.aspx?aid=388,https://blues.ru/artist/bryan-lee/,301,false
https://blues.ru/data/artistview.aspx?aid=390,https://blues.ru/artist/ana-popovic/,301,false
https://blues.ru/data/artistview.aspx?aid=391,https://blues.ru/artist/larry-garner/,301,false
https://blues.ru/data/artistview.aspx?aid=392,https://blues.ru/artist/angela-strehli/,301,false
https://blues.ru/data/artistview.aspx?aid=393,https://blues.ru/artist/rob-tognoni/,301,false
https://blues.ru/data/artistview.aspx?aid=394,https://blues.ru/artist/carey-bell/,301,false
https://blues.ru/data/artistview.aspx?aid=395,https://blues.ru/artist/dr-feelgood/,301,false
https://blues.ru/data/artistview.aspx?aid=396,https://blues.ru/artist/pat-travers/,301,false
https://blues.ru/data/artistview.aspx?aid=397,https://blues.ru/artist/bugs-henderson/,301,false
https://blues.ru/data/artistview.aspx?aid=399,https://blues.ru/artist/james-solberg/,301,false
https://blues.ru/data/artistview.aspx?aid=400,https://blues.ru/artist/downchild-blues-band/,301,false
https://blues.ru/data/artistview.aspx?aid=401,https://blues.ru/artist/bill-perry/,301,false
https://blues.ru/data/artistview.aspx?aid=402,https://blues.ru/artist/scott-holt/,301,false
https://blues.ru/data/artistview.aspx?aid=403,https://blues.ru/artist/david-gogo/,301,false
https://blues.ru/data/artistview.aspx?aid=404,https://blues.ru/artist/alberta-adams/,301,false
https://blues.ru/data/artistview.aspx?aid=405,https://blues.ru/artist/kirk-fletcher/,301,false
https://blues.ru/data/artistview.aspx?aid=406,https://blues.ru/artist/leslie-west/,301,false
https://blues.ru/data/artistview.aspx?aid=407,https://blues.ru/artist/stan-webb/,301,false
https://blues.ru/data/artistview.aspx?aid=408,https://blues.ru/artist/bonnie-raitt/,301,false
https://blues.ru/data/artistview.aspx?aid=409,https://blues.ru/artist/colin-james/,301,false
https://blues.ru/data/artistview.aspx?aid=410,https://blues.ru/artist/beth-hart/,301,false
https://blues.ru/data/artistview.aspx?aid=411,https://blues.ru/artist/hugh-laurie/,301,false
https://blues.ru/data/artistview.aspx?aid=412,https://blues.ru/artist/aynsley-lister/,301,false
https://blues.ru/data/artistview.aspx?aid=413,https://blues.ru/artist/larry-miller/,301,false
https://blues.ru/data/artistview.aspx?aid=414,https://blues.ru/artist/mark-selby/,301,false
https://blues.ru/data/artistview.aspx?aid=415,https://blues.ru/artist/etta-baker/,301,false
https://blues.ru/data/artistview.aspx?aid=416,https://blues.ru/artist/shawn-holt-the-teardrops/,301,false
https://blues.ru/data/artistview.aspx?aid=417,https://blues.ru/artist/mary-ann-redmond/,301,false
https://blues.ru/data/artistview.aspx?aid=418,https://blues.ru/artist/andy-santana/,301,false
https://blues.ru/data/artistview.aspx?aid=419,https://blues.ru/artist/trickbag/,301,false
https://blues.ru/data/artistview.aspx?aid=421,https://blues.ru/artist/oberg/,301,false
https://blues.ru/data/artistview.aspx?aid=422,https://blues.ru/artist/deitra-farr/,301,false
https://blues.ru/data/artistview.aspx?aid=423,https://blues.ru/artist/boogie-bill-webb/,301,false
https://blues.ru/data/artistview.aspx?aid=424,https://blues.ru/artist/frank-edwards/,301,false
https://blues.ru/data/artistview.aspx?aid=427,https://blues.ru/artist/mike-zito/,301,false
https://blues.ru/data/artistview.aspx?aid=428,https://blues.ru/artist/larry-mccray/,301,false
https://blues.ru/data/artistview.aspx?aid=429,https://blues.ru/artist/lazy-bill-lucas/,301,false
https://blues.ru/data/artistview.aspx?aid=430,https://blues.ru/artist/luther-houserocker-johnson/,301,false
https://blues.ru/data/artistview.aspx?aid=431,https://blues.ru/artist/steve-freund/,301,false
https://blues.ru/data/artistview.aspx?aid=433,https://blues.ru/artist/thorbjorn-risager/,301,false
https://blues.ru/data/artistview.aspx?aid=434,https://blues.ru/artist/sena-ehrhardt/,301,false
https://blues.ru/data/artistview.aspx?aid=435,https://blues.ru/artist/rachelle-coba/,301,false
https://blues.ru/data/artistview.aspx?aid=436,https://blues.ru/artist/danny-bryant/,301,false
https://blues.ru/data/artistview.aspx?aid=437,https://blues.ru/artist/bob-stroger/,301,false
https://blues.ru/data/artistview.aspx?aid=438,https://blues.ru/artist/colin-cooper/,301,false
https://blues.ru/data/artistview.aspx?aid=439,https://blues.ru/artist/anthony-gomes/,301,false
https://blues.ru/data/artistview.aspx?aid=440,https://blues.ru/artist/deb-ryder/,301,false
https://blues.ru/data/artistview.aspx?aid=441,https://blues.ru/artist/king-king/,301,false
https://blues.ru/data/artistview.aspx?aid=442,https://blues.ru/artist/jim-hayes-band/,301,false
https://blues.ru/data/artistview.aspx?aid=443,https://blues.ru/artist/davy-knowles/,301,false
https://blues.ru/data/artistview.aspx?aid=444,https://blues.ru/artist/barbara-dane/,301,false
https://blues.ru/data/artistview.aspx?aid=445,https://blues.ru/artist/li-l-ronnie-and-the-blue-beats/,301,false
https://blues.ru/data/artistview.aspx?aid=446,https://blues.ru/artist/albert-cummings/,301,false
https://blues.ru/data/artistview.aspx?aid=447,https://blues.ru/artist/kenny-blues-boss-wayne/,301,false
https://blues.ru/data/artistview.aspx?aid=448,https://blues.ru/artist/dana-fuchs/,301,false
https://blues.ru/data/artistview.aspx?aid=449,https://blues.ru/artist/sari-schorr/,301,false
https://blues.ru/data/artistview.aspx?aid=450,https://blues.ru/artist/savoy-brown/,301,false
https://blues.ru/data/artistview.aspx?aid=451,https://blues.ru/artist/john-the-revelator/,301,false
https://blues.ru/data/artistview.aspx?aid=452,https://blues.ru/artist/guitar-shorty/,301,false
https://blues.ru/data/artistview.aspx?aid=453,https://blues.ru/artist/mad-shadow/,301,false
https://blues.ru/data/artistview.aspx?aid=454,https://blues.ru/artist/rick-vito/,301,false
https://blues.ru/data/artistview.aspx?aid=455,https://blues.ru/artist/amos-garrett/,301,false
https://blues.ru/data/artistview.aspx?aid=456,https://blues.ru/artist/rita-chiarelli/,301,false
https://blues.ru/data/artistview.aspx?aid=457,https://blues.ru/artist/michael-katon/,301,false
https://blues.ru/data/artistview.aspx?aid=458,https://blues.ru/artist/the-hoochie-coochie-men/,301,false
https://blues.ru/data/artistview.aspx?aid=459,https://blues.ru/artist/phil-guy/,301,false
https://blues.ru/data/artistview.aspx?aid=460,https://blues.ru/artist/zoe-schwarz/,301,false
https://blues.ru/data/artistview.aspx?aid=461,https://blues.ru/artist/dion/,301,false
https://blues.ru/data/artistview.aspx?aid=462,https://blues.ru/artist/supersonic-blues-machine/,301,false
https://blues.ru/data/artistview.aspx?aid=463,https://blues.ru/artist/little-richard/,301,false
https://blues.ru/data/artistview.aspx?aid=464,https://blues.ru/artist/mitch-kashmar/,301,false
https://blues.ru/data/artistview.aspx?aid=465,https://blues.ru/artist/scott-henderson/,301,false
https://blues.ru/data/artistview.aspx?aid=466,https://blues.ru/artist/son-house/,301,false
